{"cameraMode":{"drawMode":0,"name":"Shaded","section":"Shading Mode"},"sceneLighting":false,"audioPlay":false,"sceneViewState":{"m_AlwaysRefresh":false,"showFog":false,"showSkybox":false,"showFlares":false,"showImageEffects":false,"showParticleSystems":false,"showVisualEffectGraphs":true,"m_FxEnabled":true},"in2DMode":false,"pivot":{"x":0.1507742553949356,"y":1.2847217321395875,"z":-3.4678702354431154},"rotation":{"x":0.0003630623978096992,"y":0.999640166759491,"z":-0.01830536685883999,"w":0.019796360284090043},"size":1.90555739402771,"orthographic":false}